id;full_name;phone;phone_2;adress;sexe;centre_id;specialty_id
1;Web Fresh Implementation;365-618-4745 x27535;Handcrafted Frozen Pants;bypass Associate Borders;Masculin;1;1
2;back-end Computer;135.926.1301;payment Awesome Metal Ball Outdoors;sexy Frozen ADP;Masculin;2;2
3;mobile Avon;1-002-200-5586 x4693;Compatible lavender;Argentine Peso local;Feminin;3;3
4;Syrian Pound interface Lakes;(105) 814-7636 x8952;hacking Quality;Awesome Latvian Lats Refined Rubber Soap;Feminin;4;4
5;Gorgeous Steel Hat Circle;001-012-0408 x740;Customer-focused Ergonomic Rubber Fish;Markets copying Regional;Masculin;5;5
6;e-services Administrator;702-920-3331 x74639;program partnerships Kip;calculating even-keeled port;Masculin;6;6
7;parsing;(576) 419-2196;transmitting;driver North Carolina;Masculin;7;7
8;cyan card;302-468-3049;wireless;Soap Plastic;Feminin;8;8
9;Savings Account;1-146-740-9078 x40824;Forint Jewelery Buckinghamshire;CFP Franc Hat enhance;Masculin;9;9
10;Corners compress HTTP;1-104-428-5073;cohesive Drives;RSS generating;Feminin;10;10
