id;description;date_time;link;seen
1;Rustic bleeding-edge;2020-05-06T00:29:47;Jewelery;true
2;port;2020-05-06T00:31:20;Switzerland purple Shores;true
3;next-generation viral Tasty Wooden Towels;2020-05-06T05:13:16;Directives payment bluetooth;true
4;e-enable synergies synthesizing;2020-05-06T05:42:51;partnerships Forges Specialist;true
5;Table stable asymmetric;2020-05-06T16:48:02;mindshare;true
6;compressing Unbranded Wooden Salad;2020-05-06T00:29:25;Investment Account Health;true
7;interface;2020-05-06T05:10:21;Borders;false
8;AGP Table;2020-05-06T02:22:42;Usability 3rd generation;true
9;Berkshire auxiliary Ameliorated;2020-05-06T01:09:30;Chair Gloves Associate;false
10;Spring wireless Engineer;2020-05-06T06:14:30;Skyway Licensed Metal Table;true
