id;subject;start_date;end_date
1;Representative Pizza Optimization;2020-05-06T07:45:33;2020-05-06T02:27:24
2;Fantastic Concrete Mouse;2020-05-06T04:25:30;2020-05-06T00:18:23
3;Euro Concrete;2020-05-06T12:51:47;2020-05-06T17:08:35
4;Mission;2020-05-06T02:52:17;2020-05-05T21:23:20
5;full-range;2020-05-06T14:34:35;2020-05-06T16:13:00
6;Persevering;2020-05-06T19:10:25;2020-05-06T04:25:59
7;Buckinghamshire Metal;2020-05-06T09:35:05;2020-05-06T17:29:42
8;Canada Keyboard Paradigm;2020-05-06T07:25:14;2020-05-06T06:22:59
9;capacitor Up-sized;2020-05-06T07:07:01;2020-05-06T03:56:26
10;Health Credit Card Account;2020-05-06T14:33:17;2020-05-06T06:25:26
